{
    "loss": 2.597419500350952,
    "accuracy": 0.7254902124404907
}