{
    "loss": 1.9516870975494385,
    "accuracy": 0.8039215803146362
}