{
    "loss": 8.320294380187988,
    "accuracy": 0.4313725531101227
}